﻿<?xml version="1.0" encoding="utf-8" ?>
<c2eventsheet>
    <!--All the 'name' attributes are ignored by Construct 2 - they are there for readability only.-->
    <name>Hitbox</name>
    <events>
        <variable comment="pour le collider" constant="1" name="UID3" sid="546466521223565" static="0" type="number">50</variable>
        <variable comment="pour le collider" constant="1" name="UID4" sid="340919730382521" static="0" type="number">57</variable>
        <variable constant="0" name="imagePointNumber2" sid="789683283788886" static="0" type="number">0</variable>
        <variable constant="1" name="nombreDepointNecessaire" sid="501312562828879" static="0" type="number">4</variable>
        <event-block sid="697319796621581">
            <conditions>
                <condition id="0" name="On function" sid="407122763617088" type="Function">
                    <param id="0" name="Name">&quot;Hitbox&quot;</param>
                </condition>
            </conditions>
            <actions />
            <sub-events>
                <event-block sid="370407504351117">
                    <conditions>
                        <condition id="-1" name="Every tick" sid="685092079737670" type="System" />
                        <condition id="-14" name="Pick by unique ID" sid="189692485453843" type="Perso1">
                            <param id="0" name="Unique ID">Function.Param(0)</param>
                        </condition>
                        <condition id="-14" name="Pick by unique ID" sid="681132310748754" type="collider">
                            <param id="0" name="Unique ID">Function.Param(1)</param>
                        </condition>
                    </conditions>
                    <actions>
                        <action id="-9" name="Set value" sid="670038165614842" type="System">
                            <param id="0" name="Variable">imagePointNumber2</param>
                            <param id="1" name="Value">Perso1.ImagePointCount</param>
                        </action>
                        <action id="0" name="Log Text" sid="661688927521500" type="ChromeConsole">
                            <param id="0" name="Data">&quot;coucou&quot;</param>
                        </action>
                    </actions>
                    <sub-events>
                        <event-block sid="859428871026698">
                            <conditions>
                                <condition id="-14" name="Compare variable" sid="138253380908259" type="System">
                                    <param id="0" name="Variable">imagePointNumber2</param>
                                    <param id="1" name="Comparison">5</param>
                                    <param id="2" name="Value">NOMBREDEPOINTNECESSAIRE</param>
                                </condition>
                                <condition id="-14" name="Pick by unique ID" sid="387204372152330" type="Perso1">
                                    <param id="0" name="Unique ID">Function.Param(0)</param>
                                </condition>
                                <condition id="-14" name="Pick by unique ID" sid="761066990998015" type="collider">
                                    <param id="0" name="Unique ID">Function.Param(1)</param>
                                </condition>
                            </conditions>
                            <actions>
                                <action id="-15" name="Set visible" sid="933611413986094" type="collider">
                                    <param id="0" name="Visibility">1</param>
                                </action>
                                <action id="11" name="Set collisions enabled" sid="671581703901214" type="collider">
                                    <param id="0" name="Collisions">1</param>
                                </action>
                                <action id="-7" name="Set size" sid="582092357695655" type="collider">
                                    <param id="0" name="Width">distance(Perso1.ImagePointX(1), Perso1.ImagePointY(1), Perso1.ImagePointX(2), Perso1.ImagePointY(2))</param>
                                    <param id="1" name="Height">distance(Perso1.ImagePointX(3), Perso1.ImagePointY(3), Perso1.ImagePointX(4), Perso1.ImagePointY(4))</param>
                                </action>
                                <action id="-3" name="Set position" sid="332230737887420" type="collider">
                                    <param id="0" name="X">Perso1.ImagePointX(1) + (Perso1.ImagePointX(2) - Perso1.ImagePointX(1))</param>
                                    <param id="1" name="Y">Perso1.ImagePointY(1) +  (Perso1.ImagePointY(2) - Perso1.ImagePointY(1))</param>
                                </action>
                                <action id="-8" name="Set angle" sid="156124624197553" type="collider">
                                    <param id="0" name="Angle">angle(Perso1.ImagePointX(1), Perso1.ImagePointY(1), Perso1.ImagePointX(2), Perso1.ImagePointY(2))</param>
                                </action>
                                <action id="0" name="Log Text" sid="379972325977865" type="ChromeConsole">
                                    <param id="0" name="Data">&quot;done&quot;</param>
                                </action>
                            </actions>
                        </event-block>
                        <event-block sid="313652367395282">
                            <conditions>
                                <condition id="-14" name="Compare variable" sid="360421965632243" type="System">
                                    <param id="0" name="Variable">imagePointNumber2</param>
                                    <param id="1" name="Comparison">2</param>
                                    <param id="2" name="Value">NOMBREDEPOINTNECESSAIRE</param>
                                </condition>
                                <condition id="-14" name="Pick by unique ID" sid="755774849837640" type="Perso1">
                                    <param id="0" name="Unique ID">Function.Param(0)</param>
                                </condition>
                                <condition id="-14" name="Pick by unique ID" sid="171817196210189" type="collider">
                                    <param id="0" name="Unique ID">Function.Param(1)</param>
                                </condition>
                            </conditions>
                            <actions>
                                <action id="-15" name="Set visible" sid="293277549000214" type="collider">
                                    <param id="0" name="Visibility">0</param>
                                </action>
                                <action id="11" name="Set collisions enabled" sid="951703480601241" type="collider">
                                    <param id="0" name="Collisions">0</param>
                                </action>
                                <action id="0" name="Log Text" sid="253798981473749" type="ChromeConsole">
                                    <param id="0" name="Data">&quot;fin&quot;</param>
                                </action>
                            </actions>
                        </event-block>
                    </sub-events>
                </event-block>
            </sub-events>
        </event-block>
        <event-block sid="555768822754490">
            <conditions>
                <condition id="-1" name="Every tick" sid="338777831913720" type="System" />
            </conditions>
            <actions>
                <action id="0" name="Call function" sid="300449240357605" type="Function">
                    <param id="0" name="Name">&quot;Hitbox&quot;</param>
                    <param id="1" name="Parameter {n}">UID1{###}UID3</param>
                </action>
            </actions>
        </event-block>
        <event-block sid="364427829976819">
            <conditions>
                <condition id="-1" name="Every tick" sid="190201975358357" type="System" />
            </conditions>
            <actions>
                <action id="0" name="Call function" sid="734903648023299" type="Function">
                    <param id="0" name="Name">&quot;Hitbox&quot;</param>
                    <param id="1" name="Parameter {n}">UID2{###}UID4</param>
                </action>
            </actions>
        </event-block>
    </events>
</c2eventsheet>
