﻿<?xml version="1.0" encoding="utf-8" ?>
<c2eventsheet>
    <!--All the 'name' attributes are ignored by Construct 2 - they are there for readability only.-->
    <name>Mur</name>
    <events>
        <event-block disabled="1" sid="879336663582535">
            <conditions>
                <condition id="0" name="On collision with another object" sid="955198479365365" type="Perso1">
                    <param id="0" name="Object">Wall</param>
                </condition>
            </conditions>
            <actions>
                <action id="-9" name="Destroy" sid="569045330751645" type="Wall" />
                <action id="0" name="Play" sid="212036361087656" type="Audio">
                    <param id="0" name="Audio file">Mur détruit</param>
                    <param id="2" name="Loop">0</param>
                    <param id="3" name="Volume">0</param>
                    <param id="1" name="Tag (optional)">&quot;&quot;</param>
                </action>
            </actions>
            <sub-events>
                <comment>Méchanique de destruction des murs</comment>
            </sub-events>
        </event-block>
        <event-block sid="454168843486761">
            <conditions>
                <condition id="0" name="On collision with another object" sid="325029922392879" type="Perso1">
                    <param id="0" name="Object">ejectWall</param>
                </condition>
            </conditions>
            <actions>
                <action id="-9" name="Destroy" sid="214340506888728" type="ejectWall" />
                <action id="0" name="Play" sid="882000431321269" type="Audio">
                    <param id="0" name="Audio file">Mur détruit</param>
                    <param id="2" name="Loop">0</param>
                    <param id="3" name="Volume">0</param>
                    <param id="1" name="Tag (optional)">&quot;&quot;</param>
                </action>
                <action id="-13" name="Set boolean" sid="174699229445666" type="Perso1">
                    <param id="0" name="Instance variable">Stun</param>
                    <param id="1" name="Value">1</param>
                </action>
                <action id="-16" name="Wait" sid="584456425790987" type="System">
                    <param id="0" name="Seconds">0.5</param>
                </action>
                <action id="-13" name="Set boolean" sid="518586484264447" type="Perso1">
                    <param id="0" name="Instance variable">Stun</param>
                    <param id="1" name="Value">0</param>
                </action>
            </actions>
        </event-block>
    </events>
</c2eventsheet>
