﻿<?xml version="1.0" encoding="utf-8" ?>
<c2eventsheet>
    <!--All the 'name' attributes are ignored by Construct 2 - they are there for readability only.-->
    <name>Dash</name>
    <events>
        <variable constant="0" name="chronoDash" sid="387032828596510" static="0" type="number">0</variable>
        <variable comment="angle du perso 1 au moment du dash" constant="0" name="anglePersoDash" sid="805938123144476" static="0" type="number">0</variable>
        <variable constant="0" name="timedash" sid="217236128587771" static="0" type="number">0.2</variable>
        <variable constant="0" name="chronoDash2" sid="654590518640992" static="0" type="number">0</variable>
        <variable comment="angle du perso 1 au moment du dash" constant="0" name="anglePersoDash2" sid="827250786030912" static="0" type="number">0</variable>
        <event-block sid="636237299834443">
            <conditions>
                <condition id="0" name="On collision with another object" sid="355839262515336" type="Perso1">
                    <param id="0" name="Object">Wall</param>
                </condition>
                <condition id="-14" name="Pick by unique ID" sid="856042871997102" type="Perso1">
                    <param id="0" name="Unique ID">UID1</param>
                </condition>
                <condition id="-8" name="Is boolean instance variable set" sid="912284495382701" type="Perso1">
                    <param id="0" name="Instance variable">Dash</param>
                </condition>
            </conditions>
            <actions>
                <action id="-9" name="Set value" sid="973450900911638" type="System">
                    <param id="0" name="Variable">anglePersoDash</param>
                    <param id="1" name="Value">-anglePersoDash</param>
                </action>
                <action id="-9" name="Set value" sid="342321820230766" type="System">
                    <param id="0" name="Variable">chronoDash</param>
                    <param id="1" name="Value">0</param>
                </action>
            </actions>
        </event-block>
        <event-block sid="425611075838045">
            <conditions>
                <condition id="0" name="On collision with another object" sid="650619759268006" type="Perso1">
                    <param id="0" name="Object">Wall</param>
                </condition>
                <condition id="-14" name="Pick by unique ID" sid="872124659934544" type="Perso1">
                    <param id="0" name="Unique ID">UID2</param>
                </condition>
                <condition id="-8" name="Is boolean instance variable set" sid="157025881531258" type="Perso1">
                    <param id="0" name="Instance variable">Dash</param>
                </condition>
            </conditions>
            <actions>
                <action id="-9" name="Set value" sid="649854256641871" type="System">
                    <param id="0" name="Variable">anglePersoDash2</param>
                    <param id="1" name="Value">-anglePersoDash2</param>
                </action>
                <action id="-9" name="Set value" sid="735451548769984" type="System">
                    <param id="0" name="Variable">chronoDash2</param>
                    <param id="1" name="Value">0</param>
                </action>
            </actions>
        </event-block>
        <event-block sid="806506289133024">
            <conditions>
                <condition id="0" name="On function" sid="775907113655082" type="Function">
                    <param id="0" name="Name">&quot;Dash&quot;</param>
                </condition>
            </conditions>
            <actions />
            <sub-events>
                <variable constant="0" name="anglePersoOnDash" sid="175518827986624" static="0" type="number">0</variable>
                <variable constant="0" name="chronoOnDash" sid="316595200078069" static="0" type="number">0</variable>
                <event-block sid="515644517171144">
                    <conditions>
                        <condition id="-8" inverted="1" name="Is boolean instance variable set" sid="239757270158197" type="Perso1">
                            <param id="0" name="Instance variable">Dash</param>
                        </condition>
                        <condition id="-14" name="Pick by unique ID" sid="340854467255033" type="Perso1">
                            <param id="0" name="Unique ID">Function.Param(1)</param>
                        </condition>
                    </conditions>
                    <actions>
                        <action id="-13" name="Set boolean" sid="312581700388817" type="Perso1">
                            <param id="0" name="Instance variable">Dash</param>
                            <param id="1" name="Value">1</param>
                        </action>
                        <action id="4" name="Set animation" sid="351894854383531" type="Perso1">
                            <param id="0" name="Animation">&quot;Dash&quot;</param>
                            <param id="1" name="From">0</param>
                        </action>
                        <action id="2" name="Stop" sid="552932540103024" type="Perso1" />
                        <action id="5" name="Set frame" sid="678640058208217" type="Perso1">
                            <param id="0" name="Frame number">0</param>
                        </action>
                        <action id="0" name="Play" sid="992808350125613" type="Audio">
                            <param id="0" name="Audio file">Woosh</param>
                            <param id="2" name="Loop">0</param>
                            <param id="3" name="Volume">-5</param>
                            <param id="1" name="Tag (optional)">&quot;&quot;</param>
                        </action>
                    </actions>
                    <sub-events>
                        <event-block sid="483862508760602">
                            <conditions>
                                <condition id="-14" name="Compare variable" sid="492573786847404" type="System">
                                    <param id="0" name="Variable">UID1</param>
                                    <param id="1" name="Comparison">0</param>
                                    <param id="2" name="Value">Function.Param(1)</param>
                                </condition>
                            </conditions>
                            <actions>
                                <action id="-9" name="Set value" sid="526326385121988" type="System">
                                    <param id="0" name="Variable">anglePersoDash</param>
                                    <param id="1" name="Value">Function.Param(0)</param>
                                </action>
                            </actions>
                        </event-block>
                        <event-block sid="629861197878460">
                            <conditions>
                                <condition id="-22" name="Else" sid="370223486721151" type="System" />
                            </conditions>
                            <actions>
                                <action id="-9" name="Set value" sid="337188303875681" type="System">
                                    <param id="0" name="Variable">anglePersoDash2</param>
                                    <param id="1" name="Value">Function.Param(0)</param>
                                </action>
                            </actions>
                        </event-block>
                    </sub-events>
                </event-block>
                <event-block sid="718895673850549">
                    <conditions>
                        <condition id="-14" name="Compare variable" sid="487541278112375" type="System">
                            <param id="0" name="Variable">UID1</param>
                            <param id="1" name="Comparison">0</param>
                            <param id="2" name="Value">Function.Param(1)</param>
                        </condition>
                    </conditions>
                    <actions>
                        <action id="-9" name="Set value" sid="912285245996538" type="System">
                            <param id="0" name="Variable">anglePersoOnDash</param>
                            <param id="1" name="Value">anglePersoDash</param>
                        </action>
                        <action id="-9" name="Set value" sid="520934563304849" type="System">
                            <param id="0" name="Variable">chronoDash</param>
                            <param id="1" name="Value">chronoOnDash</param>
                        </action>
                    </actions>
                </event-block>
                <event-block sid="628825585785409">
                    <conditions>
                        <condition id="-22" name="Else" sid="412034081437187" type="System" />
                    </conditions>
                    <actions>
                        <action id="-9" name="Set value" sid="248084655750566" type="System">
                            <param id="0" name="Variable">anglePersoOnDash</param>
                            <param id="1" name="Value">anglePersoDash2</param>
                        </action>
                        <action id="-9" name="Set value" sid="801702764983915" type="System">
                            <param id="0" name="Variable">chronoDash2</param>
                            <param id="1" name="Value">chronoOnDash</param>
                        </action>
                    </actions>
                </event-block>
                <event-block sid="726743272020369">
                    <conditions>
                        <condition id="-8" name="Is boolean instance variable set" sid="350534672782016" type="Perso1">
                            <param id="0" name="Instance variable">Dash</param>
                        </condition>
                        <condition id="-1" name="Every tick" sid="182661306742376" type="System" />
                        <condition id="-14" name="Pick by unique ID" sid="676707248148773" type="Perso1">
                            <param id="0" name="Unique ID">Function.Param(1)</param>
                        </condition>
                    </conditions>
                    <actions />
                    <sub-events>
                        <event-block sid="848056401181456">
                            <conditions>
                                <condition id="-14" name="Compare variable" sid="110960293126179" type="System">
                                    <param id="0" name="Variable">UID1</param>
                                    <param id="1" name="Comparison">0</param>
                                    <param id="2" name="Value">Function.Param(1)</param>
                                </condition>
                            </conditions>
                            <actions>
                                <action id="-23" name="Move at angle" sid="770153224150454" type="Perso1">
                                    <param id="0" name="Angle">anglePersoDash</param>
                                    <param id="1" name="Distance">Perso1.impulseDash * dt</param>
                                </action>
                                <action id="-8" name="Set angle" sid="802675284983942" type="Perso1">
                                    <param id="0" name="Angle">anglePersoDash</param>
                                </action>
                                <action id="-9" name="Set value" sid="825870959043122" type="System">
                                    <param id="0" name="Variable">chronoDash</param>
                                    <param id="1" name="Value">chronoDash + dt</param>
                                </action>
                            </actions>
                        </event-block>
                        <event-block sid="394515362244893">
                            <conditions>
                                <condition id="-22" name="Else" sid="802162344917269" type="System" />
                            </conditions>
                            <actions>
                                <action id="-23" name="Move at angle" sid="243605873526556" type="Perso1">
                                    <param id="0" name="Angle">anglePersoDash2</param>
                                    <param id="1" name="Distance">Perso1.impulseDash * dt</param>
                                </action>
                                <action id="-8" name="Set angle" sid="570910445250563" type="Perso1">
                                    <param id="0" name="Angle">anglePersoDash2</param>
                                </action>
                                <action id="-9" name="Set value" sid="873443093114713" type="System">
                                    <param id="0" name="Variable">chronoDash2</param>
                                    <param id="1" name="Value">chronoDash2 + dt</param>
                                </action>
                            </actions>
                        </event-block>
                    </sub-events>
                </event-block>
                <event-block sid="376514929077377">
                    <conditions>
                        <condition id="-14" name="Compare variable" sid="213050599523612" type="System">
                            <param id="0" name="Variable">chronoDash</param>
                            <param id="1" name="Comparison">5</param>
                            <param id="2" name="Value">timedash</param>
                        </condition>
                        <condition id="-14" name="Pick by unique ID" sid="626253414401696" type="Perso1">
                            <param id="0" name="Unique ID">Function.Param(1)</param>
                        </condition>
                    </conditions>
                    <actions>
                        <action id="-13" name="Set boolean" sid="459071523692269" type="Perso1">
                            <param id="0" name="Instance variable">Dash</param>
                            <param id="1" name="Value">0</param>
                        </action>
                        <action id="-9" name="Set value" sid="718917641457961" type="System">
                            <param id="0" name="Variable">anglePersoOnDash</param>
                            <param id="1" name="Value">0</param>
                        </action>
                        <action id="4" name="Set animation" sid="893163158479847" type="Perso1">
                            <param id="0" name="Animation">&quot;Default&quot;</param>
                            <param id="1" name="From">0</param>
                        </action>
                        <action id="2" name="Stop" sid="366257914615710" type="Perso1" />
                        <action id="5" name="Set frame" sid="908486807157262" type="Perso1">
                            <param id="0" name="Frame number">0</param>
                        </action>
                        <action id="-9" name="Set value" sid="668460422641569" type="System">
                            <param id="0" name="Variable">chronoOnDash</param>
                            <param id="1" name="Value">0</param>
                        </action>
                    </actions>
                    <sub-events>
                        <event-block sid="775050597009512">
                            <conditions />
                            <actions />
                        </event-block>
                        <event-block sid="258156469120610">
                            <conditions>
                                <condition id="-14" name="Compare variable" sid="973241513260497" type="System">
                                    <param id="0" name="Variable">UID1</param>
                                    <param id="1" name="Comparison">0</param>
                                    <param id="2" name="Value">Function.Param(1)</param>
                                </condition>
                            </conditions>
                            <actions>
                                <action id="-9" name="Set value" sid="558314798613247" type="System">
                                    <param id="0" name="Variable">anglePersoOnDash</param>
                                    <param id="1" name="Value">anglePersoDash</param>
                                </action>
                                <action id="-9" name="Set value" sid="637281008554451" type="System">
                                    <param id="0" name="Variable">chronoDash</param>
                                    <param id="1" name="Value">chronoOnDash</param>
                                </action>
                            </actions>
                        </event-block>
                        <event-block sid="243755240564330">
                            <conditions>
                                <condition id="-22" name="Else" sid="117366002936490" type="System" />
                            </conditions>
                            <actions>
                                <action id="-9" name="Set value" sid="574750492094683" type="System">
                                    <param id="0" name="Variable">anglePersoOnDash</param>
                                    <param id="1" name="Value">anglePersoDash2</param>
                                </action>
                                <action id="-9" name="Set value" sid="839132962867532" type="System">
                                    <param id="0" name="Variable">chronoDash2</param>
                                    <param id="1" name="Value">chronoOnDash</param>
                                </action>
                            </actions>
                        </event-block>
                    </sub-events>
                </event-block>
                <event-block sid="645026598335784">
                    <conditions>
                        <condition id="-14" name="Compare variable" sid="378557063322764" type="System">
                            <param id="0" name="Variable">UID1</param>
                            <param id="1" name="Comparison">0</param>
                            <param id="2" name="Value">Function.Param(1)</param>
                        </condition>
                    </conditions>
                    <actions>
                        <action id="-9" name="Set value" sid="578626671623292" type="System">
                            <param id="0" name="Variable">chronoOnDash</param>
                            <param id="1" name="Value">chronoDash</param>
                        </action>
                    </actions>
                </event-block>
                <event-block sid="663948416225983">
                    <conditions>
                        <condition id="-22" name="Else" sid="501778610384954" type="System" />
                    </conditions>
                    <actions>
                        <action id="-9" name="Set value" sid="367990847221670" type="System">
                            <param id="0" name="Variable">chronoOnDash</param>
                            <param id="1" name="Value">chronoDash2</param>
                        </action>
                    </actions>
                </event-block>
            </sub-events>
        </event-block>
    </events>
</c2eventsheet>
